country_code,country_name,year,gdp_usd,gdp_growth_pct,gdp_per_capita_usd,inflation_pct,unemployment_pct,trade_pct_gdp,exports_pct_gdp,imports_pct_gdp,total_petroleum_production_tbpd,crude_oil_production_tbpd,petroleum_consumption_tj,previous_petroleum_production_tbpd,previous_crude_oil_production_tbpd,gdp_growth_5yr_avg,inflation_5yr_avg,petroleum_production_5yr_avg,petroleum_production_yoy_pct,crude_oil_production_yoy_pct,crude_share_of_petroleum_production_pct
AFG,Afghanistan,2025,,,,,13.351,,,,0.0,0.0,,0.0,0.0,-5.709718705,1.8998528575,0.0,,,
AFE,Africa Eastern and Southern,2025,1358694050872.54,3.74301587,1722.38561961,4.27011141,7.53923324,51.99481747,25.56655872,27.7853991,,,,,,3.318600204,6.829671794,,,,
AFW,Africa Western and Central,2025,852526995230.254,4.60009996,1600.05837434,1.65781768,3.19297271,,,,,,,,,3.972690916,4.436369844,,,,
ALB,Albania,2025,30540188271.3421,3.78893836,12998.14786955,2.14618551,10.926,79.53281462,37.01411941,42.51869522,12.15639452,12.15639452,,13.06911193,13.04045902,5.129332158,3.577415832,14.096108928,-6.9837752931388355,-6.77939709517986,100.0
DZA,Algeria,2025,287031225987.736,3.81554372,6051.00322704,1.41835151,11.633,38.97894402,16.83477516,22.14416886,1404.09648474,1142.95890411,,1380.78690796,1119.61748634,3.803108744,6.255643682,1423.466891774,1.6881371517664516,2.084767168678517,81.40173531747318
ASM,American Samoa,2025,,,,,,,,,0.0,0.0,,0.0,0.0,0.47627158,,0.0,,,
AND,Andorra,2025,4500982731.80784,3.86803451,54291.50260311,,,,,,,,,,,5.630428174,,,,,
AGO,Angola,2025,122174889423.635,3.13353542,3129.47662331,20.16201976,14.108,34.64664037,22.97775006,11.66889031,1059.4320669,1030.81472386,,1164.04854651,1135.79515641,2.810891132,21.831240288,1146.714923826,-8.987295239846878,-9.242901940330524,97.29880339343163
ATG,Antigua and Barbuda,2025,2338196296.2963,4.99803998,24819.24546802,1.36873528,,,,,0.0,0.0,,0.0,0.0,5.61492201,4.445763132,0.0,,,
ARB,Arab World,2025,3797527236194.65,3.67757994,7544.41435641,1.76646491,9.190173,,,,,,,,,3.751921524,3.223235084,,,,
ARG,Argentina,2025,683097891618.597,4.3673333,14898.08859438,,7.145,30.36463369,15.55566112,14.80897256,983.53716616,794.00444692,,891.92612084,700.7792576,3.526234384,118.55325019,838.052823702,10.271147259789002,13.303074871147556,80.7294807190675
ARM,Armenia,2025,29243452882.3545,7.2,9474.018493,3.30693341,12.871,101.7059364,48.09890272,53.60703368,0.0,0.0,,0.0,0.0,7.96,4.27652231,0.0,,,
ABW,Aruba,2025,,,,,,,,,0.0,0.0,,0.0,0.0,10.4421974125,,0.0,,,
AUS,Australia,2025,1798518933689.21,1.35039785,65129.72279906,2.87403792,4.09,45.90144939,23.24443835,22.65701104,363.36884043,245.5834025,2483575.16761481,393.07466256,270.3931134,2.513524124,4.219126386,411.579294784,-7.557297622933308,-9.175422623762724,67.58515733197811
AUT,Austria,2025,579470021095.418,0.61574728,62930.03513246,3.5271944,5.582,107.01983927,54.70194738,52.31789189,22.70565414,8.75498082,512761.81149023,22.86134632,8.90072951,1.884893786,5.118556182,23.503831108,-0.681028045420905,-1.6374915093897735,38.55859322976546
AZE,Azerbaijan,2025,75937647058.8235,1.44985591,7410.7228166,5.62208788,5.457,79.82958155,43.02221637,36.80736518,566.62794055,560.62097436,,597.13653476,591.13594905,3.4587044,7.424449682,635.288557884,-5.1091488184125184,-5.162090842054161,98.93987469375949
BHS,"Bahamas, The",2025,,,,,9.207,,,,0.0,0.0,,0.0,0.0,8.72273682,2.9930993125,0.0,,,
BHR,Bahrain,2025,48965725531.9149,3.48137574,30596.57948989,-0.13770886,1.102,,,,188.62896075,175.78082192,,186.98235221,173.94535519,4.157359898,0.775193786,191.805145908,0.880622433367772,1.0551973221677147,93.18867114629957
BGD,Bangladesh,2025,456319229255.578,3.48990672,2597.34352335,8.76876281,3.778,27.95058404,11.11610857,16.83447547,9.48974521,3.0,,9.64840543,3.0,5.50535722,8.472124562,10.222763884,-1.6444190820036881,0.0,31.61307214906774
BRB,Barbados,2025,8016550000.0,2.70000022,28364.81814997,0.84657656,6.524,,,,1.001,1.0,,1.001,1.0,6.369269058,1.8267340833333332,0.910162742,0.0,0.0,99.9000999000999
BLR,Belarus,2025,93397215864.198,1.3,10279.25471907,6.59877946,3.38,112.10762582,55.08057843,57.02704739,26.00949041,25.73049041,,27.84648673,27.60196175,1.511400528,8.410931352,29.963951478,-6.596869248934514,-6.780211337695952,98.92731462400074
BEL,Belgium,2025,725466462859.646,0.98311797,60750.27358646,2.46705544,5.906,152.91778872,75.45007105,77.46771767,24.6976029,0.0,1288830.16699822,24.60479879,0.0,2.78423852,4.339463566,24.727974698,0.3771789023437082,,0.0
BLZ,Belize,2025,3326500000.0,2.74831732,7865.47937691,1.06281548,8.856,,,,0.7871234,0.7871234,,0.7871234,0.7871234,6.798709464,3.650949058,0.47227404,0.0,0.0,100.0
BEN,Benin,2025,24566420903.5337,8.07408454,1658.27312663,1.10155248,1.589,37.11693562,17.05244161,20.06449402,0.0,0.0,,0.0,0.0,7.057675258,1.617100486,0.0,,,
BMU,Bermuda,2025,,,,,,,,,0.0,0.0,,0.0,0.0,4.3111589075,,0.0,,,
BTN,Bhutan,2025,3579320145.13077,8.00502716,4492.78400307,3.55513663,3.227,,,,0.0,0.0,,0.0,0.0,5.954196298,4.70635553,0.0,,,
BOL,Bolivia,2025,64768947525.3256,-1.58237567,5147.81081955,19.5171208,2.967,,,,51.86589002,17.66080548,,54.92711707,20.70736372,2.717420192,5.935497386,58.362310162,-5.573252727061432,-14.71243892363523,34.050906044781684
BIH,Bosnia and Herzegovina,2025,32599982936.3931,2.12861913,10381.84607039,,11.037,95.12157172,41.00152263,54.12004909,0.18517466,0.0,,0.20417578,0.0,3.793653794,7.369461406666667,0.201351898,-9.30625561954508,,0.0
BWA,Botswana,2025,19928479839.4476,-0.73389832,7778.11510906,2.65975062,24.477,69.54466779,32.03374802,37.51091977,0.0,0.0,,0.0,0.0,3.419313896,5.890452514,0.0,,,
BRA,Brazil,2025,2279920092492.13,2.28574649,10713.28568695,5.0167528,5.97,35.29148226,17.8207229,17.47075937,4655.06627747,3769.40701016,,4277.0662452,3356.4670929,3.345203144,6.31190911,4142.746863002,8.837834407971025,12.30281441261557,80.97429307083141
VGB,British Virgin Islands,2025,,,,,,,,,0.0,0.0,,0.0,0.0,,,0.0,,,
BRN,Brunei Darussalam,2025,15031980994.1121,0.66956215,32234.64283686,-0.30299441,5.277,123.60912493,71.57129457,52.03783036,109.72483284,100.87573254,,102.67725682,94.32367486,0.526125854,1.016211984,101.458801096,6.863814089185169,6.946355397756605,91.93518908075832
BGR,Bulgaria,2025,130777235529.606,3.09636639,20328.16670655,4.58084355,3.536,102.51426351,50.73848068,51.77578283,6.09835625,1.0,,6.1372922,1.0,4.015400772,7.018641532,6.131576222,-0.6344157770425205,0.0,16.397861308938783
BFA,Burkina Faso,2025,27627297461.3181,5.29461839,1147.57131636,-0.58623532,3.477,65.0029507,34.98990012,30.01305057,0.0,0.0,,0.0,0.0,4.339621632,4.458199074,0.0,,,
BDI,Burundi,2025,3364713864.08488,4.2401053,233.82301339,34.13399857,0.922,,,,0.0,0.0,,0.0,0.0,3.432384808,21.698678354,0.0,,,
CPV,Cabo Verde,2025,3056630435.32463,6.29698518,5796.47207861,2.34333897,11.939,95.32846012,41.97606259,53.35239753,0.0,0.0,,0.0,0.0,8.191567034,3.381793276,0.0,,,
KHM,Cambodia,2025,51267065842.9641,5.34932085,2872.4292664,2.35127106,0.263,136.08974867,68.64652137,67.44322731,0.0,0.0,,0.0,0.0,4.918441962,2.710243696,0.0,,,
CMR,Cameroon,2025,58933453923.761,3.20000016,1972.38158008,3.40373458,3.602,33.38427066,13.08915062,20.29512004,59.55531606,59.24383562,,61.8481447,61.49726776,3.429585526,4.767879336,64.070100252,-3.707190654014881,-3.6642800925632537,99.47698969528398
CAN,Canada,2025,2319899772425.92,1.74268536,55697.66396608,2.07232411,6.907,63.51050497,31.33238681,32.17811815,6256.63915264,4963.93490685,5384033.30381308,5996.88784576,4776.39303552,3.277596966,3.706180776,5848.805873846,4.331435130367709,3.9264329785118397,79.33867985267233
CSS,Caribbean small states,2025,95141207521.3621,7.9750557,20880.06067768,1.21577538,7.55485246,,,,,,,,,10.417225566,3.222755084,,,,
CYM,Cayman Islands,2025,,,,,,,,,0.0,0.0,,0.0,0.0,5.02274795,,0.0,,,
CAF,Central African Republic,2025,3066109226.40165,4.4995,556.13139803,1.00198013,6.251,52.90674591,19.34480504,33.56194087,0.0,0.0,,0.0,0.0,1.627258056,3.06019724,0.0,,,
CEB,Central Europe and the Baltics,2025,2762562481345.2,2.36701157,27676.93896537,3.81419532,4.14260589,113.27126067,56.3896098,54.92540414,,,,,,3.15905765,6.892526936,,,,
TCD,Chad,2025,21472835225.4338,5.58988022,1022.33559391,-3.91198124,1.057,46.1321498,29.41405777,16.71809203,126.49041096,126.49041096,,127.25409836,127.25409836,3.792747958,4.167813086,118.56862789,-0.6001279407438331,-0.6001279407438331,100.0
CHI,Channel Islands,2025,,,,,6.169,,,,,,,,,6.331256223333333,,,,,
CHL,Chile,2025,357371159574.862,2.45925475,17994.59119575,4.21293602,8.974,64.98437704,34.56356093,30.42081611,21.10860786,1.96832197,809175.95521231,20.16308705,2.10681594,3.868545566,6.452138508,18.415279094,4.689365312242701,-6.573615063876914,9.324736065280243
CHN,China,2025,19498039388042.6,4.95994886,13861.97022437,0.05956469,4.615,37.95638787,21.07119836,16.88518951,5446.18870807,4324.68493151,,5334.33584348,4234.0273224,5.407698904,0.693424232,5224.806741114,2.096847065351433,2.141167314400134,79.40754834847736
COL,Colombia,2025,457410034202.523,2.64201549,8561.62091854,5.14222912,8.29,35.36895647,14.98404753,20.38490894,776.91221362,746.47896986,,803.08980151,772.69292325,4.621323564,7.431901694,788.118761348,-3.2596090550247188,-3.392544774415986,96.08279504087119
COM,Comoros,2025,1814920856.27026,3.75444285,2055.75921566,3.24909332,3.819,40.88522462,9.29780202,31.58742259,0.0,0.0,,0.0,0.0,2.94760703,5.840474498,0.0,,,
COD,"Congo, Dem. Rep.",2025,91030531316.9936,5.75924472,806.77600071,,4.434,87.33428788,43.41748377,43.9168041,16.0,16.0,,17.0,17.0,7.227208698,,19.0,-5.882352941176471,-5.882352941176471,100.0
COG,"Congo, Rep.",2025,16306633778.765,3.08292728,2514.73393585,2.40069559,19.876,91.66901724,48.0226133,43.64640393,249.03330617,241.23561644,,254.91352885,247.12295082,1.916041444,2.910592728,264.162284732,-2.306751903881935,-2.3823503080004214,96.86881652501654
CRI,Costa Rica,2025,102904921157.478,4.56033548,19970.09890596,-0.07367144,6.843,71.49190465,38.84990591,32.64199874,0.4,0.0,,0.4,0.0,5.422902266,2.007984304,0.4,0.0,,0.0
CIV,Cote d'Ivoire,2025,99773555666.1988,6.5,3050.10202257,0.12503877,2.323,54.55790693,29.78539571,24.77251123,56.18787914,55.09230825,,37.32730136,36.20715821,6.516391166,3.467603348,37.915247596,50.52756854319779,52.15860888741094,98.05016507693726
HRV,Croatia,2025,105060182186.274,3.40307537,27103.91161093,3.6915346,5.002,100.98628664,47.97203549,53.01425114,12.93037741,8.99687671,,13.65968429,9.65131421,6.183393196,5.587981768,14.331777268,-5.339119591028264,-6.780812288982559,69.579382138081
CUB,Cuba,2025,,,,,1.746,,,,27.70231624,25.46308978,,30.54218007,28.23602544,0.00950892,,32.456099896,-9.298170017632275,-9.820559433523446,91.91682586899816
CUW,Curacao,2025,,,,,,,,,,,,,,5.0796525475,,,,,
CYP,Cyprus,2025,41225787247.3309,3.77325348,41783.08984375,0.12652885,4.924,189.49610211,97.57383206,91.92227005,0.0,0.0,,0.0,0.0,6.294116486,3.261934516,0.0,,,
CZE,Czechia,2025,391026962800.475,2.58046673,35917.27240817,2.45996368,2.825,128.03943737,66.94509593,61.09434144,10.89130059,1.34555068,475720.05241477,10.98818515,1.38201639,2.1511094,6.899309182,10.386763538,-0.8817157581295397,-2.63858737594277,12.354361803542877
DNK,Denmark,2025,462526660468.393,2.9284328,76970.15352179,1.89367373,5.529,129.22230433,70.11707255,59.10523179,79.27909836,71.81064218,307387.91384131,67.30391131,59.96365624,2.790988714,3.224132956,71.673811308,17.79270597639209,19.75694392714036,90.57953945681075
DJI,Djibouti,2025,4624533092.31886,6.49546105,3905.60495468,-0.3137318,26.015,206.29604319,110.49358864,95.80245456,0.0,0.0,,0.0,0.0,5.971394944,1.920083894,0.0,,,
DMA,Dominica,2025,723859259.259259,3.05243763,10989.04311851,2.53385126,,,,,0.0,0.0,,0.0,0.0,4.906806454,3.094129838,0.0,,,
DOM,Dominican Republic,2025,127407463759.043,2.11739114,11059.20815318,3.87311768,5.092,51.49490571,23.63992101,27.8549847,0.0,0.0,,-0.04814785,0.0,5.70271942,5.80301189,-0.067352708,-100.0,,
EAR,Early-demographic dividend,2025,16406032169247.4,4.372164,4566.42669968,3.20550474,5.15217208,52.53809255,25.69491531,27.58523911,,,,,,5.177654062,4.741261434,,,,
EAS,East Asia & Pacific,2025,33656980597208.2,3.99734139,14077.27120263,1.91333443,3.80602951,63.83829359,32.5369215,28.4519493,,,,,,4.265162756,3.287371346,,,,
EAP,East Asia & Pacific (excluding high income),2025,23247334500847.4,4.94449355,10843.43639941,2.06264825,3.91810951,46.88384861,25.52188848,21.84100756,,,,,,5.285623538,3.699716452,,,,
TEA,East Asia & Pacific (IDA & IBRD countries),2025,23218679986475.4,4.94449693,10965.82656461,1.91333443,3.92396383,46.88513859,25.5201399,21.82749225,,,,,,5.285549688,3.697107338,,,,
ECU,Ecuador,2025,130320560400.0,3.72594857,7125.27618528,0.71046932,3.308,59.3567812,31.43858212,27.91819908,443.48276003,440.70020743,,478.05457764,475.28359899,3.781003038,1.614580646,471.795194642,-7.231772108672157,-7.2763696524540995,99.3725680340287
EGY,"Egypt, Arab Rep.",2025,365254630179.737,4.39201069,3085.80712036,14.07351366,6.781,51.33434788,19.82002845,31.51431943,607.81200939,504.79452055,,638.95731339,536.84972678,4.08599042,19.067718058,647.911272132,-4.874395103916724,-5.9709830574499225,83.05109355384597
SLV,El Salvador,2025,36708110000.0,3.90594189,5766.72574029,0.25757053,3.303,88.15806643,32.04656955,56.11149689,0.003,0.0,,0.003,0.0,4.942171726,3.164488354,0.003,0.0,,0.0
GNQ,Equatorial Guinea,2025,12823210425.9217,-5.84678506,6615.25245207,,8.337,74.93217191,46.51997886,28.41219306,84.39071678,76.38650421,,95.562668,86.72676986,-1.758367316,2.6176284025,109.687302918,-11.690706688934219,-11.922807302395707,90.51529258737503
ERI,Eritrea,2025,,,,,5.978,,,,0.0,0.0,,0.0,0.0,,,0.0,,,
EST,Estonia,2025,47030833798.5866,0.58430846,34417.63208151,4.82920754,8.313,155.75991665,78.36235502,77.39756162,22.09894795,0.0,53558.2199956,23.5437459,0.0,0.955751446,8.311854934,22.487955758,-6.136652833991043,,0.0
SWZ,Eswatini,2025,5160679612.81734,4.19391756,4108.25221093,,34.202,,,,0.0,0.0,,0.0,0.0,3.076081758,,0.0,,,
ETH,Ethiopia,2025,126358758448.356,9.77151822,932.72935278,13.22964328,3.323,33.45978266,13.28375458,20.17602807,0.0,0.0,,0.0,0.0,6.988365852,25.043123804,0.0,,,
EMU,Euro area,2025,18010000307247.0,1.41107242,50214.0783016,2.46705544,6.28355946,87.32402961,48.57026034,44.68864692,,,,,,2.5836065,4.348756056,,,,
EUU,European Union,2025,21243212570163.3,1.53795435,47089.16384193,2.46705544,5.92604538,90.13933973,49.60671798,45.81552425,,,,,,2.600966882,4.51799964,,,,
ECS,Europe & Central Asia,2025,32268612230366.9,1.7032971,34603.48089246,3.74577317,5.35931989,81.82046553,43.71318477,41.01437735,,,,,,2.922778094,5.585518856,,,,
ECA,Europe & Central Asia (excluding high income),2025,2815874458069.5,4.20093767,11117.61379372,5.62208788,6.84424614,61.2226152,29.01764192,32.77144427,,,,,,5.140054226,8.034284202,,,,
TEC,Europe & Central Asia (IDA & IBRD countries),2025,7077191807196.39,2.84310558,15300.07022297,5.10146572,4.62126732,55.65179301,29.23659094,29.7382564,,,,,,4.055018872,7.530515576,,,,
FRO,Faroe Islands,2025,,,,,,,,,0.0,0.0,,0.0,0.0,3.2324545775,,0.0,,,
FJI,Fiji,2025,6198013062.06553,3.19546862,6642.00449451,-1.38326834,5.347,,,,0.0,0.0,,0.0,0.0,5.913590226,2.619277542,0.0,,,
FIN,Finland,2025,317039368819.607,0.17344451,56148.58094905,0.33787466,9.461,83.39594397,42.32669209,41.06925188,16.7876993,0.0,375218.70456912,16.74570381,0.0,0.539532912,3.494457798,16.742759842,0.2507836665241961,,0.0
FRA,France,2025,3366315927447.33,0.84094996,48985.73078079,0.94377021,7.542,67.19237728,33.39282251,33.79955477,105.8887714,10.22183014,3306783.90244281,106.40060073,10.99498087,2.61394667,2.937175158,106.722146976,-0.4810398874521467,-7.03185152517687,9.653365512558965
PYF,French Polynesia,2025,,,,,11.662,,,,0.0,0.0,,0.0,0.0,2.55061981,,0.0,,,
GAB,Gabon,2025,21427119323.2764,2.47287961,8263.03321595,1.76766609,20.154,84.89189051,55.49258775,29.39930276,239.01160314,239.31506849,,214.7126411,215.0273224,2.562285416,2.377591372,205.57427329,11.316968537815635,11.295190685032685,100.12696678571804
GMB,"Gambia, The",2025,2593673987.53306,5.89309208,919.06042343,,6.521,62.17139353,12.73043161,49.44096192,0.0,0.0,,0.0,0.0,5.622023106,11.85468342,0.0,,,
GEO,Georgia,2025,38143612855.1367,7.46161504,9691.53472415,3.86921322,12.097,100.6279974,47.40564034,53.22235706,0.22346849,0.22346849,,0.23732545,0.23981694,9.315275182,5.786354226,0.254979108,-5.8388006848823,-6.817053874509448,100.0
DEU,Germany,2025,5050922925047.05,0.23957834,60496.43508204,2.17178771,3.711,78.51281122,40.43477385,38.07803737,185.63678918,31.57996438,4378588.9059289,182.18311529,28.72426503,0.918667384,4.062792718,185.43984196,1.8957156839163851,9.941766471718145,17.01169499833298
GHA,Ghana,2025,114209905278.717,5.95441715,3257.15889036,14.20467555,2.979,,,,186.12079655,182.98082192,,191.22784215,187.75136612,4.764658582,23.277390616,179.068975526,-2.670660057960603,-2.540883882011777,98.3129372492469
GIB,Gibraltar,2025,,,,,,,,,0.0,0.0,,0.0,0.0,,,0.0,,,
GRC,Greece,2025,280635521324.441,2.07306882,26948.00704328,2.48209745,8.54,83.45162288,39.4617693,43.98985358,14.38460417,1.497,686834.86655465,14.32128588,1.497,4.09440763,3.911400464,14.424871718,0.442127128321804,0.0,10.40695998519089
GRL,Greenland,2025,,,,,,,,,0.0,0.0,,0.0,0.0,1.5015373033333332,,0.0,,,
GRD,Grenada,2025,1420173228.56948,4.41201,12106.87901051,0.61031198,,,,,0.0,0.0,,0.0,0.0,4.669238982,1.638527906,0.0,,,
GUM,Guam,2025,,,,,5.569,,,,0.0,0.0,,0.0,0.0,3.57902376,,0.0,,,
GTM,Guatemala,2025,123306008821.471,4.28003208,6598.18032989,1.48841591,2.604,46.52760936,15.55917189,30.96843747,5.77655193,5.38462507,,6.21667661,5.81727349,4.743309384,4.342219772,8.072532378,-7.079742241892167,-7.437305822800503,93.21521099871771
GIN,Guinea,2025,28346024753.2924,7.44709668,1877.2541221,3.54630163,5.163,103.67801334,41.41193564,62.2660777,0.0,0.0,,0.0,0.0,5.578722122,8.512949192,0.0,,,
GNB,Guinea-Bissau,2025,2527930272.92988,5.81813762,1123.76679992,0.87492969,2.673,40.8792835,13.8662931,27.01299041,0.0,0.0,,0.0,0.0,5.066586568,4.675189076,0.0,,,
GUY,Guyana,2025,27097477218.2254,19.33600971,32413.79307575,3.32982339,11.962,,,,747.43214247,747.43214247,,617.34972678,617.34972678,36.06898508,4.098974318,432.535497958,21.071106059848706,21.071106059848706,100.0
HTI,Haiti,2025,32077278409.2339,-2.71291076,2694.18969101,28.64279767,14.944,15.88547935,1.55997335,14.32550599,0.0,0.0,,0.0,0.0,-2.448393974,28.646165266,0.0,,,
HPC,Heavily indebted poor countries (HIPC),2025,1285481386975.21,5.8257582,1331.89997509,3.40373458,4.14304356,50.20445502,24.1692384,30.08808433,,,,,,4.737124602,5.833237964,,,,
HND,Honduras,2025,39601409103.3005,3.75143103,3598.2145044,4.59657982,4.92,91.50733754,34.99174177,56.51559577,0.02,0.0,,0.02,0.0,5.53370648,5.88731227,0.02,0.0,,0.0
HKG,"Hong Kong SAR, China",2025,427310315921.993,3.48764886,56983.06630599,1.4363354,2.799,396.64542073,199.75769665,196.88772408,0.096,0.0,,0.096,0.0,2.407301776,1.742557422,0.096,0.0,,0.0
HUN,Hungary,2025,246490213513.054,0.50954231,25907.47432594,4.41198446,4.521,140.7793039,72.63043211,68.1488718,46.42128371,23.41982466,371460.03236987,42.79989814,21.22893169,2.355360386,8.991952684,41.594240196,8.461201375186263,10.320316641425869,50.450618311864865
IBD,IBRD only,2025,43056359078690.0,4.30532306,8599.35834896,3.6825637,4.97728646,49.29647634,26.13456314,24.52728947,,,,,,4.952806944,5.296051584,,,,
ISL,Iceland,2025,38582528789.0033,1.27946208,98323.48495174,4.09085056,3.625,82.48773038,40.11379888,42.3739315,0.0,0.0,45838.46526071,0.0,0.0,3.813343254,6.287397376,0.0,,,
IDB,IDA blend,2025,1270032242274.1,4.57673954,1841.20446421,2.40069559,4.42715826,,,25.2379107,,,,,,4.150023278,4.104736632,,,,
IBT,IDA & IBRD total,2025,46251403468584.1,4.3357058,6613.20946974,3.5107454,4.84350017,49.06570962,25.85536921,24.82016264,,,,,,4.892103906,5.31571952,,,,
IDX,IDA only,2025,1925012147619.92,4.86860827,1484.11159863,3.55071913,4.43073241,47.97623414,22.84463424,31.21628951,,,,,,4.141060884,5.774392858,,,,
IDA,IDA total,2025,3195044389894.02,4.72576659,1608.08422318,3.36462189,4.429406,,23.66633706,28.90983642,,,,,,4.145139992,5.442220178,,,,
IND,India,2025,3956067115771.63,7.56666179,2702.47987142,2.39884954,4.219,46.26820069,22.26304107,24.00515962,990.27810337,580.60035006,,938.64224738,589.97419283,7.835024564,4.96629397,935.331171026,5.501122087156145,-1.5888564082837868,58.63003009802681
IDN,Indonesia,2025,1445642584163.81,5.10808904,5059.62596411,1.91333443,3.237,43.39120705,22.8465483,20.54465875,852.6888677,581.66849315,,841.70106688,581.98087432,4.83991557,2.706755438,851.289818676,1.3054279306938925,-0.05367550443388598,68.21579537199345
IRN,"Iran, Islamic Rep.",2025,362682115433.364,-2.82597163,3924.38017822,42.1712245,8.301,60.2426224,25.75437526,34.48824714,4768.7564698,4051.42465753,,4626.73312454,3946.52459016,2.930641568,41.21675242,4136.346426506,3.069624753299776,2.6580365831635966,84.95767572085549
IRQ,Iraq,2025,254367293538.462,-2.15574219,5409.67899717,0.30345472,15.485,,,,4500.34284619,4388.06849315,,4568.09243789,4458.70491803,1.255588024,3.66202704,4478.888237456,-1.483104657385031,-1.5842363686002674,97.50520445047755
IRL,Ireland,2025,721701359046.313,12.33759903,131592.46254788,2.21044788,4.632,239.95891234,140.06666528,99.89224707,0.64974842,0.0,339910.36423519,0.66967689,0.0,7.234003832,4.158624248,0.729464978,-2.9758336143270525,,0.0
IMN,Isle of Man,2025,,,,,,,,,,,,,,-0.7886286233333333,,,,,
ISR,Israel,2025,610777842873.595,2.93114966,60336.84779642,3.04141322,3.489,52.98921637,27.55836366,25.43085271,25.21480786,19.52054795,470067.18405435,23.67408086,18.0,4.329382486,3.24654603,17.252715238,6.5080752621878135,8.447488611111112,77.417000591017
ITA,Italy,2025,2551556954100.35,0.53958364,43308.64030607,1.53166828,6.391,62.52322636,32.22701973,30.29620663,137.15099191,83.70368493,2618857.96465399,124.0669391,84.87483333,3.199531626,3.642261778,137.695029756,10.545962449717598,-1.3798535491038708,61.0303168532148
JAM,Jamaica,2025,22704903217.5631,0.08164549,8002.92104076,4.00459048,3.286,,,,2.2848862,0.0,,2.25808844,0.0,2.887386758,6.420604716,2.249978114,1.1867453694594885,,0.0
JPN,Japan,2025,4435162999976.94,1.19311288,35951.04495493,3.17253034,2.451,,,,102.90864348,3.10663014,6536559.87059,102.25186469,3.17170765,1.313931352,2.288710164,102.454180718,0.6423147313657073,-2.051813003635439,3.0188233319815985
JOR,Jordan,2025,61610052535.2113,2.8266084,5347.77731385,1.76646491,16.535,,,,0.32346536,0.02,,0.33002028,0.02,3.002108532,2.196636068,0.332381204,-1.9862173318560907,0.0,6.1830422892887205
KAZ,Kazakhstan,2025,306239209650.024,6.5,14692.13317572,11.38794547,4.771,,,,2149.55038264,2046.61015902,,1902.98982668,1800.03273509,4.82,11.535132518,1940.56870884,12.95648313528587,13.698496650821816,95.21108114276565
KEN,Kenya,2025,135941278878.815,4.63261094,2362.86091199,4.06912879,5.449,37.52104459,15.76406778,21.75697681,0.0,0.0,,-0.01579338,0.0,5.492653962,5.999622478,-0.022093294,-100.0,,
KIR,Kiribati,2025,349227254.158833,4.22163588,2558.66636011,,,,,,0.0,0.0,,0.0,0.0,5.116610082,4.7845239125,0.0,,,
PRK,"Korea, Dem. People's Rep.",2025,,,,,3.545,,,,0.10115509,0.0,,0.10778398,0.0,,,0.110516152,-6.150162575180468,,0.0
KOR,"Korea, Rep.",2025,1872374961553.15,1.0070184,36226.96636375,2.12309421,2.683,86.36160064,45.76303852,40.59856212,110.65965536,0.0,5260638.95217036,113.24635424,0.0,2.386835322,3.126028146,109.84893536,-2.2841343523678277,,0.0
XKX,Kosovo,2025,12456403306.8191,3.59217143,7899.41841135,3.8595387,,118.19088416,43.95208772,74.23879644,,,,,,5.45141013,5.071502976,,,,
KWT,Kuwait,2025,157209026926.418,2.7318258,32312.31199536,2.36195937,2.181,,,,2804.97435008,2583.54794521,,2770.60226124,2549.18032787,1.609545456,3.261390644,2835.738044476,1.2405998984717699,1.3481830596392645,92.10593833545448
KGZ,Kyrgyz Republic,2025,22623752095.4613,11.09602034,3080.96893823,8.21496013,3.526,92.40744764,26.8114573,65.59599034,5.54340274,5.54340274,,5.93395718,5.94560109,9.224707588,9.958758664,5.76672098,-6.5816861860132265,-6.764637316090105,100.0
LAO,Lao PDR,2025,18302970218.5902,4.53760565,2324.76353099,7.74226937,1.187,,,,0.0,0.0,,0.0,0.0,3.529851444,17.762963202,0.0,,,
LTE,Late-demographic dividend,2025,31873985161936.8,4.45332356,13677.32316967,3.74577317,4.49833547,50.76137075,31.29106342,26.63873721,,,,,,4.859023986,5.023621836,,,,
LCN,Latin America & Caribbean,2025,7395989651242.09,2.32153205,11095.21765483,2.30758627,5.45907691,49.14457393,26.14627143,26.43091309,,,,,,3.589991278,4.473631894,,,,
LAC,Latin America & Caribbean (excluding high income),2025,6523496128943.99,2.21490071,10407.4817976,3.17026888,5.28646122,47.54584016,24.56407115,25.2903293,,,,,,3.432439746,5.035040468,,,,
TLA,Latin America & the Caribbean (IDA & IBRD countries),2025,7050566084338.85,2.35638243,10822.59292476,2.30758627,5.50986635,48.62498606,26.11416479,26.35361143,,,,,,3.662925106,4.635987528,,,,
LVA,Latvia,2025,48618869160.3254,2.13786856,26311.97307064,3.74577317,6.568,129.72445387,62.57300031,67.15145357,1.595,0.0,73345.54749924,1.595,0.0,2.00205655,6.90714613,1.595,0.0,,0.0
LDC,Least developed countries: UN classification,2025,1653686211542.1,4.30000841,1361.99182021,3.36462189,4.66754019,43.66565715,21.65845518,28.50543307,,,,,,3.738829802,5.758239462,,,,
LBN,Lebanon,2025,,,,14.59759587,,,,,0.0,0.0,,0.0,0.0,-3.8658485,121.428773904,0.0,,,
LSO,Lesotho,2025,2573572920.05159,1.98256081,1088.96276223,4.27011141,16.315,153.98149355,49.53082236,104.45067118,0.0,0.0,,0.0,0.0,2.711283242,6.20746498,0.0,,,
LBR,Liberia,2025,5245938900.0,5.01656108,915.32897265,8.31564329,2.884,,,,0.0,0.0,,0.0,0.0,4.703398124,8.406729996,0.0,,,
LBY,Libya,2025,48098909613.6316,13.37170805,6448.82415074,1.84166667,18.758,137.6585732,71.71347463,65.94509857,1382.02152956,1363.04109589,,1182.22784824,1163.27322404,9.094314518,2.743926284,1227.434091182,16.899761041616113,17.172910690423564,98.62661809067166
LIE,Liechtenstein,2025,,,,,,,,,,,,,,,,,,,
LTU,Lithuania,2025,95210150818.3512,2.92007656,32958.67063964,3.79170511,6.731,142.1063047,72.98395353,69.12235117,8.89180295,0.7,140111.54287172,8.88195636,0.7,3.109989452,7.602670186,8.904129636,0.11086059873412843,0.0,7.872419170062693
LMY,Low & middle income,2025,41478597585191.8,4.53280076,6107.26169429,3.54555215,4.88528914,48.50814508,25.26004533,24.34402646,,,,,,4.997539666,5.321529934,,,,
LUX,Luxembourg,2025,101157829491.107,0.63787819,147252.17912152,2.25723818,6.343,349.88687918,190.52213568,159.36474349,0.0,0.0,100909.23488085,0.0,0.0,1.38564988,3.382540534,0.0,,,
MAC,"Macao SAR, China",2025,52061007670.169,4.67106706,75901.74612942,0.33331168,2.347,139.14051287,92.28614487,46.854368,0.0,0.0,,0.0,0.0,18.266869614,0.510735432,0.0,,,
MDG,Madagascar,2025,19620352035.7899,3.00256887,599.26529426,8.05052432,3.041,54.2413796,21.33326407,32.90811553,0.0,0.0,,0.0,0.0,4.068898148,7.902210084,0.0,,,
MWI,Malawi,2025,14918276698.303,1.88518708,671.5068472,28.37025653,5.072,39.39946947,10.64885957,28.7506099,0.0,0.0,,0.0,0.0,2.196756236,23.924752722,0.0,,,
MYS,Malaysia,2025,472193128644.597,5.17127083,13124.55541783,1.38060872,3.764,136.39642032,70.9677893,65.42863102,604.17089593,512.67013699,,571.72903047,478.34410617,5.232176122,2.311875112,596.319910936,5.674342867167439,7.176012075248771,84.85515281249143
MDV,Maldives,2025,7741066860.6337,6.31092335,14614.72081165,4.00578494,4.514,,,,0.0,0.0,,0.0,0.0,13.216430046,2.23882693,0.0,,,
MLI,Mali,2025,30069148580.7688,5.59946843,1193.27601005,3.2782354,2.831,48.77220266,22.07677262,26.69543004,0.0,0.0,,0.0,0.0,4.436815348,4.418103046,0.0,,,
MLT,Malta,2025,27771821560.9411,3.96156139,47906.90000576,2.36351752,2.896,219.01437104,119.10958124,99.90478981,0.0,0.0,,0.0,0.0,7.350425364,3.35198564,0.0,,,
MHL,Marshall Islands,2025,308000000.0,2.28310502,8489.05793506,,,115.90909091,36.03896104,79.87012987,,,,,,0.329806248,,,,,
MRT,Mauritania,2025,11679910946.4371,4.02891977,2197.51046251,1.54796926,10.319,94.02426324,39.85293828,54.17132496,0.0,0.0,,0.0,0.0,4.936946482,4.416618844,0.0,,,
MUS,Mauritius,2025,16157804491.7614,3.15157395,12991.29359872,3.6735928,5.635,139.94268107,65.03639617,74.9062849,0.0,0.0,,0.0,0.0,4.895946568,5.826675464,0.0,,,
MEX,Mexico,2025,1832641364775.52,0.56168346,13889.23396287,3.80668651,2.673,79.92395258,39.64533979,40.27861279,1869.3807121,1726.04608767,3919816.57354657,2010.52028103,1841.77786885,2.955459346,5.528477586,1999.649473384,-7.020051986627733,-6.283699198332888,92.3325075784599
FSM,"Micronesia, Fed. Sts.",2025,501797600.0,1.06260714,4414.00737137,,,93.06541123,22.12047248,70.94493876,,,,,,0.89609773,4.30001391,,,,
MEA,"Middle East, North Africa, Afghanistan & Pakistan",2025,5135569539885.64,2.7449566,6202.19002141,2.08420854,7.7820548,57.22546729,,,,,,,,3.768843614,3.295228682,,,,
MNA,"Middle East, North Africa, Afghanistan & Pakistan (excluding high income)",2025,2132889870483.32,1.99549508,2829.12883889,2.69360941,8.69378066,56.50075723,25.21264905,34.95447758,,,,,,3.16110833,5.270275228,,,,
TMN,"Middle East, North Africa, Afghanistan & Pakistan (IDA & IBRD)",2025,2115722770483.32,1.98295262,2826.65540585,1.84166667,8.69378066,56.30259984,25.24303209,34.81453791,,,,,,3.196414658,5.424683566,,,,
MIC,Middle income,2025,40836798203180.8,4.52178756,6778.79773311,3.45723999,4.88480834,48.5199871,25.30882179,24.20119968,,,,,,5.024860512,5.1216041,,,,
MDA,Moldova,2025,20351796275.2943,2.41649735,8621.71721624,7.75904124,1.505,92.66617279,31.75193205,60.91424074,0.0,0.0,,0.0,0.0,2.631467454,11.939499162,0.0,,,
MCO,Monaco,2025,,,,,,,,,,,,,,11.8632498975,,,,,
MNG,Mongolia,2025,25369107325.4549,6.84391416,7108.22743246,8.60536487,5.233,130.70744081,68.06908758,62.63835323,13.67184658,13.67184658,,14.37451366,14.37451366,5.211510306,9.532133284,15.149851226,-4.888284199522615,-4.888284199522615,100.0
MNE,Montenegro,2025,9232801464.79257,2.74455354,14816.83802999,3.89960911,13.572,105.77380143,40.06268824,65.7111132,0.0,0.0,,0.0,0.0,6.634564576,6.254446782,0.0,,,
MAR,Morocco,2025,182374250612.28,4.59524349,4672.46826172,0.70190215,9.0,93.1016568,41.96921392,51.13244288,0.025,0.025,,0.025,0.025,4.402336816,3.167460228,0.025,0.0,0.0,100.0
MOZ,Mozambique,2025,22337997046.1913,-0.52348538,626.91441922,4.3684695,6.628,97.10380976,41.38147504,55.72233472,0.0,0.0,,0.0,0.0,2.775205586,6.452378202,0.0,,,
MMR,Myanmar,2025,81665773809.5238,-2.01184476,1488.87527837,,3.047,,,,6.05877495,5.55530959,,6.25693213,5.72488525,-2.000864716,,6.717200666,-3.1670022286145527,-2.962079632949848,91.69031092663377
NAM,Namibia,2025,15080340653.5276,1.73018154,4875.92558158,3.5107454,19.291,108.58050117,44.67675985,63.90374132,0.0,0.0,,0.0,0.0,3.767246646,4.66558114,0.0,,,
NRU,Naoero,2025,176040043.932346,2.14285714,14639.50469292,,,165.44117647,61.76470588,103.67647059,0.0,0.0,,0.0,0.0,2.124929204,,0.0,,,
NPL,Nepal,2025,45489810283.1132,4.43073195,1535.87781246,2.6533427,10.465,42.55204484,8.8276336,33.72441124,0.0,0.0,,0.0,0.0,4.11212383,5.250257018,0.0,,,
NLD,Netherlands,2025,1332767651100.39,1.78463215,73683.91713279,3.25957665,3.874,150.11997036,80.66934134,69.45062902,79.23303406,21.46976862,1784184.31181772,82.1507259,23.85685201,2.708894594,4.62448824,85.37259931,-3.551632451247762,-10.005860743904577,27.096991645860495
NCL,New Caledonia,2025,,,,,11.174,,,,0.0,0.0,,0.0,0.0,-2.325,,0.0,,,
NZL,New Zealand,2025,264057413739.965,0.46287183,49591.04057317,2.83979632,5.076,,,,19.03471235,7.91470411,344972.52701841,18.67462898,6.82381694,1.810484504,4.521820468,19.039286988,1.9281955769276011,15.986465926502419,41.58037150479976
NIC,Nicaragua,2025,22237167113.0916,4.92352557,3173.33724815,2.08132127,5.04,96.44969473,41.59347238,54.85622235,-0.00117563,0.0,,-0.00535999,0.0,5.3873856,6.09791133,-0.007105798,-78.06656355702157,,0.0
NER,Niger,2025,21646191388.2507,7.0078296,775.35362214,-4.45470804,0.394,33.90568636,15.76183725,18.1438491,101.79844383,101.4109589,,30.97709626,30.56830601,6.260604074,3.27637421,34.802515956,228.62487489329317,231.7519749600282,99.61936065481798
NGA,Nigeria,2025,290794361542.112,4.01336181,1224.25410238,23.01012358,3.064,,,,1675.08950327,1605.41427817,,1562.74503013,1488.86957165,3.365682804,23.342273268,1545.179848582,7.188918919848007,7.827731101445134,95.84050733026596
NAC,North America,2025,33099237425506.2,2.12972385,86308.07172727,,4.5110867,,,,,,,,,3.310092882,4.528137755,,,,
MNP,Northern Mariana Islands,2025,,,,,,,,,,,,,,10.80631709,,,,,
MKD,North Macedonia,2025,19101199817.0174,3.4870662,10489.92553555,4.07249177,12.256,133.04303384,59.64929973,73.39373411,0.0,0.0,,0.0,0.0,3.261066092,6.871914314,0.0,,,
NOR,Norway,2025,530755719438.879,1.08528185,94594.1929574,3.05562484,4.637,79.05283193,45.37295601,33.67987592,2051.84752456,1858.46423455,473579.56957724,2006.87409763,1790.51086724,2.217048676,4.193355956,2004.241725014,2.2409690265628006,3.7951943522547484,90.57516274015198
OED,OECD members,2025,72543267888365.3,1.77005853,51733.71401991,2.83979632,4.92729126,,28.25383961,28.32941005,,,,,,2.918975604,4.464635122,,,,
OMN,Oman,2025,109604780696.23,2.39787382,19947.39662271,0.96774194,3.251,,,,1011.40906623,1002.06917534,,1001.96972922,992.5887377,3.202280446,1.34009371,1024.706370246,0.9420780623131408,0.9551224268338784,99.07654665141433
OSS,Other small states,2025,228636677706.691,2.88340086,17540.30998151,2.80630542,8.59085525,148.58010243,75.95808819,74.05996649,,,,,,4.248470894,4.060646958,,,,
PSS,Pacific island small states,2025,13005809518.6945,3.31927523,4719.69017777,1.43420861,3.51831084,,,,,,,,,3.98737208,4.133650794,,,,
PAK,Pakistan,2025,407307214476.222,3.69842669,1595.90912253,3.54555215,5.42,27.19353738,9.98520671,17.20833067,79.4484257,57.51526767,,81.42550993,65.87340329,3.531449256,15.26329756,85.615824204,-2.428089466924632,-12.688179451127308,72.39321253158576
PLW,Palau,2025,345000000.0,6.28637654,19532.35577195,-0.41841004,,,,,,,,,,1.427535488,5.919687642,,,,
PAN,Panama,2025,90462600000.0,4.35030461,19789.73085558,-0.18958788,8.36,,,,0.0,0.0,,0.0,0.0,8.35401755,1.296081176,0.0,,,
PNG,Papua New Guinea,2025,32498658653.8415,5.63792052,3019.53091406,4.42141364,2.571,,,,31.51589863,31.51589863,,32.31337469,32.2789071,3.706548778,3.411869366,33.491278254,-2.467944210874373,-2.3637989589802437,100.0
PRY,Paraguay,2025,49278227554.3339,6.64262511,7026.61906146,4.03806423,4.803,76.47807033,37.17801272,39.30005761,2.04403717,0.0,,2.03078908,0.0,4.112830936,5.411807914,2.01496525,0.6523616918404939,,0.0
PER,Peru,2025,334854659181.893,3.43056395,9684.41170315,1.5312545,5.117,51.81548297,29.96982707,21.8456559,123.30173268,44.15274521,,124.62858863,40.63115007,4.565996888,4.519989098,123.455751808,-1.0646481393921567,8.667229782895486,35.8086981020679
PHL,Philippines,2025,487086123720.417,4.40240159,4170.72347271,1.65873645,2.235,66.79360533,26.55033582,40.24326951,14.3336973,0.5029726,,14.34480218,0.51823224,5.786362358,4.119540962,14.362222114,-0.07741396403139524,-2.9445562861932326,3.5090220581119707
POL,Poland,2025,1035491784197.44,3.57272503,28419.57773956,3.81419532,2.976,97.03018225,49.9505651,47.07961716,44.53486105,16.54119452,1571340.18644804,34.14748919,16.08084699,3.80667836,7.723638982,35.980460072,30.419137999293703,2.8627069848141127,37.14212670705077
PRT,Portugal,2025,346639825141.821,1.86448007,32081.81061503,2.3360162,6.164,86.39887698,43.65808885,42.74078813,12.37498223,0.0,484719.45370827,12.36318235,0.0,3.94473159,3.632355686,12.3349341,0.09544371073682335,,0.0
PST,Post-demographic dividend,2025,67379697065259.9,1.65330961,59490.02406283,2.37284807,4.69905638,,28.91262168,29.20069904,,,,,,2.781942024,4.05332494,,,,
PRE,Pre-demographic dividend,2025,1665770125125.75,3.57431469,1470.05803146,3.2782354,4.54407578,,,31.04159831,,,,,,3.254695128,5.51394527,,,,
PRI,Puerto Rico (US),2025,129368484000.0,0.31767005,40620.15269237,,5.991,90.45804386,46.88313423,43.57490964,0.0,0.0,,0.0,0.0,1.513711216,,0.0,,,
QAT,Qatar,2025,215559615384.615,2.90166037,72524.90663852,,0.13,,,,1878.32958825,1297.38443658,,1852.41726952,1293.50085401,2.60206191,2.8986833225,1822.664406148,1.3988381104174452,0.300238114104096,69.07118136752271
ROU,Romania,2025,428677977854.826,0.67782984,22537.9532108,7.18903362,5.992,76.21478634,35.48431232,40.73047402,69.52536821,51.54805205,,73.37154283,55.2973306,2.72532631,8.431088868,76.95966472,-5.242052261203623,-6.780216168337066,74.14279618671004
RUS,Russian Federation,2025,2561310169358.74,1.00117657,17546.609375,8.71986939,2.133,33.71005087,18.20307743,15.50697344,10534.54792582,9885.10903296,,10533.2436044,9891.87541204,2.884118266,8.691718294,10745.915839128,0.012382903775767156,-0.06840339974120813,93.8351517556037
RWA,Rwanda,2025,16372132990.2271,9.37579834,1123.73874633,5.91300017,11.363,56.67334975,21.55473145,35.1186183,0.0,0.0,,0.0,0.0,8.679798148,8.954140426,0.0,,,
WSM,Samoa,2025,1287936621.64619,4.20440659,5872.78333309,2.21196208,4.996,70.62963235,27.61898734,43.01064501,0.0,0.0,,0.0,0.0,4.281989332,5.28023024,0.0,,,
SMR,San Marino,2025,,,,2.29519525,,,,,,,,,,7.399388303333334,3.28204725,,,,
STP,Sao Tome and Principe,2025,981293586.906408,1.02847453,4084.40062145,11.04743623,9.132,46.56863089,13.26365483,33.30497607,0.0,0.0,,0.0,0.0,0.989522644,14.560336586,0.0,,,
SAU,Saudi Arabia,2025,1276942933333.33,4.5024656,34536.65554566,2.08420854,3.038,57.91822386,29.74487401,28.17334985,11213.95792565,9556.05403562,,10872.02333479,9232.15445628,5.242834636,2.32731569,11358.918016624,3.145086984552583,3.5083856197799355,85.21571151753807
SEN,Senegal,2025,37006536238.3731,6.68227745,1954.71174195,1.4590072,2.735,71.06870632,32.48786835,38.58083797,100.0,100.0,,36.36619802,36.37978142,5.559269418,4.016026052,27.256803422,174.98062883836215,174.8779571969182,100.0
SRB,Serbia,2025,99953324472.9042,2.03039196,15262.04641934,3.89036786,7.123,112.92349061,54.3130854,58.61040521,13.22542923,11.48091781,,14.10278357,12.31618033,4.076156958,7.39988331,15.052421706,-6.22114305055594,-6.781830873046335,86.80941548541333
SYC,Seychelles,2025,2387022853.48583,5.7979567,19449.38363469,0.29758966,,172.28733997,79.61877667,92.6685633,0.0,0.0,,0.0,0.0,4.95144125,2.393830106,0.0,,,
SLE,Sierra Leone,2025,7464157904.43509,4.60865078,846.2961725,7.48750167,3.15,49.09607468,20.89106456,28.20501013,0.0,0.0,,0.0,0.0,5.164460666,24.569274452,0.0,,,
SGP,Singapore,2025,603869516998.738,5.025882,98813.97881729,0.9029985,2.818,320.30602541,177.85148415,142.45454126,20.53808423,0.0,,20.35581594,0.0,5.194205028,3.314658144,20.263353144,0.8954113681183148,,0.0
SXM,Sint Maarten (Dutch part),2025,1887728480.44693,3.4,42978.1317407,,,,,,,,,,,5.735519328,,,,,
SVK,Slovak Republic,2025,154530066506.895,0.80741869,28543.66534398,4.00042823,5.359,170.3424964,85.09462941,85.24786699,8.94983309,0.01855616,195034.77901705,9.81369765,0.02457377,2.211835984,6.642747528,8.3151604,-8.80264086799128,-24.48793978294743,0.20733526327696017
SVN,Slovenia,2025,79648204979.3618,1.05992996,37376.22160791,2.37284807,3.175,151.91536884,78.63947078,73.27589806,0.0,0.0,114668.17096312,0.0,0.0,3.250505996,4.507223146,0.000827398,,,
SST,Small states,2025,337311651764.509,4.39108111,16577.84507571,2.25357866,7.75850083,,74.93789324,70.2110436,,,,,,6.042048618,3.67038057,,,,
SLB,Solomon Islands,2025,1749572442.95016,3.61715088,2086.18955929,3.36462189,1.431,,,,0.0,0.0,,0.0,0.0,1.328674072,3.795002348,0.0,,,
SOM,"Somalia, Fed. Rep.",2025,12995200000.2658,2.99114404,661.17387772,,18.948,128.06343881,29.24849175,98.81494706,0.0,0.0,,0.0,0.0,3.4886381,,0.0,,,
ZAF,South Africa,2025,427184325997.307,1.11462608,6597.71450919,3.20550474,32.391,60.91109714,31.41019473,29.50090241,95.20968246,0.37091507,,91.99496494,0.45389344,1.874471886,5.060103848,96.491664364,3.4944494213315584,-18.281464918285668,0.38957704764516027
SAS,South Asia,2025,4578021773987.28,7.12381421,2705.28227429,3.10423966,4.24320442,44.61870598,21.03772118,23.46492373,,,,,,7.402808758,5.146620908,,,,
TSA,South Asia (IDA & IBRD),2025,4578021773987.28,7.12381421,2705.28227429,3.10423966,4.24320442,44.61870598,21.03772118,23.46492373,,,,,,7.402808758,5.146620908,,,,
SSD,South Sudan,2025,,,,,,,,,112.65753425,112.65753425,,78.90710383,78.90710383,,24.41325533,130.001302674,42.77235987866569,42.77235987866569,100.0
ESP,Spain,2025,1906453309985.88,2.82495401,38627.24721486,2.69993286,10.376,69.45082601,36.63748139,32.81334462,77.26737071,0.02650411,2907298.97391253,76.94711488,0.01221311,4.358905472,4.092630708,76.80463451,0.416202518443275,117.013602595899,0.03430181428002159
LKA,Sri Lanka,2025,108825231671.196,4.95343391,5002.07904354,-4.76386037,4.005,41.80900265,18.96737961,22.84162304,-0.20231026,0.0,,-0.23409798,0.0,0.955040754,13.616767326,-0.246513746,-13.578810035011836,,0.0
KNA,St. Kitts and Nevis,2025,1183514814.81481,2.68858457,25223.02576222,,,,,,0.0,0.0,,0.0,0.0,3.374037544,2.4736588366666665,0.0,,,
LCA,St. Lucia,2025,2656444444.44444,-0.57407528,14745.81843055,2.02709512,9.452,,,,0.0,0.0,,0.0,0.0,7.718990758,3.447077698,0.0,,,
MAF,St. Martin (French part),2025,,,,,,,,,,,,,,4.89999967,,,,,
VCT,St. Vincent and the Grenadines,2025,1255222222.22222,3.39216705,12561.76916679,0.81532289,18.003,,,,0.0,0.0,,0.0,0.0,3.596920182,3.248086916,0.0,,,
SSF,Sub-Saharan Africa,2025,2211221046102.8,4.13928145,1673.07077574,3.40373458,5.66118666,,27.85824949,27.87799852,,,,,,3.61710565,5.659699592,,,,
SSA,Sub-Saharan Africa (excluding high income),2025,2208834023249.31,4.13764838,1671.41989803,3.45723999,5.66118666,,27.7925023,27.80414145,,,,,,3.615859406,5.731201062,,,,
TSS,Sub-Saharan Africa (IDA & IBRD countries),2025,2211221046102.8,4.13928145,1673.07077574,3.40373458,5.66118666,,27.85824949,27.87799852,,,,,,3.61710565,5.659699592,,,,
SDN,Sudan,2025,60162634574.4689,3.06427943,1164.53991699,,,2.38193028,1.10304203,1.27888826,31.80365677,30.0,,39.3162129,37.48928699,-8.631933422,248.95075051,54.209790528,-19.10803603874065,-19.97713904774373,94.3287755145774
SUR,Suriname,2025,4523657796.86421,1.79169153,7069.87230892,9.20546819,7.834,,,,11.65995622,12.08945096,,12.52645866,13.01102646,1.180015538,37.717617994,13.049889926,-6.917377556730786,-7.083034554062386,103.68350216670025
SWE,Sweden,2025,668998664082.081,1.54316373,63133.21267367,0.67986929,8.694,104.33521019,53.22860336,51.10660683,13.91781283,0.0,609950.44063202,13.92670136,0.0,1.767639852,4.519359824,13.569110154,-0.06382365622867064,,0.0
CHE,Switzerland,2025,1043529899250.92,1.30007791,114769.01231429,0.15437698,4.873,147.16205132,78.05274347,69.10930785,1.18654676,0.0,420273.79161495,1.21938242,0.0,2.645300742,1.353792088,1.215013998,-2.692810677063886,,0.0
SYR,Syrian Arab Republic,2025,,,,,13.569,,,,81.23465457,75.24657534,,60.36469367,54.15300546,0.79360968,,74.64442168,34.573124836997124,38.95179907527149,92.62866413146367
TJK,Tajikistan,2025,17660626562.4832,8.40000053,1637.25429425,,6.931,,,,0.316,0.316,,0.31309357,0.316,8.49999989,,0.31212947,0.92829437538433,0.0,100.0
TZA,Tanzania,2025,90143496090.4411,5.85286829,1318.81921387,3.32697361,1.572,38.97157114,18.98468186,19.98688928,0.0,0.0,,0.0,0.0,5.06721914,3.644868982,0.0,,,
THA,Thailand,2025,577009981112.015,2.44247445,8056.56359762,-0.13363436,0.781,138.41368601,71.14809761,67.2655884,395.82379871,161.57890411,,393.24271452,153.03114754,2.367266632,1.760146708,415.508899222,0.6563590613879582,5.585631884362461,40.820916942485475
TLS,Timor-Leste,2025,1902180257.82737,6.97538939,1340.96401934,0.42832285,1.592,,,,2.0,2.0,,2.0,2.0,-7.082777492,4.322949162,6.2,0.0,0.0,100.0
TGO,Togo,2025,11889949067.4697,6.31032672,1383.8997493,0.43318345,1.995,,,,0.0,0.0,,0.0,0.0,6.092907278,4.187775712,0.0,,,
TON,Tonga,2025,679218218.578017,2.8,6547.18646814,5.59276642,2.008,,,,0.0,0.0,,0.0,0.0,0.848643316,6.347532432,0.0,,,
TTO,Trinidad and Tobago,2025,25942749718.4685,-0.78776857,18967.27046367,0.99448999,3.329,,,,71.56603275,51.1995507,,71.57176736,50.67338442,0.666483848,2.80765818,75.249222592,-0.008012391214479017,1.0383484072011782,71.54169196279781
TUN,Tunisia,2025,57502836548.0878,2.49311011,4656.63818387,5.15100198,15.108,101.44620545,46.6517326,54.79447285,28.11277923,25.3260274,,29.86268768,26.98445372,2.35597908,7.139885196,34.168526598,-5.859849149385069,-6.145858416139913,90.08724179420093
TUR,Turkiye,2025,1597293229287.0,3.60462514,18599.44209224,34.88116298,8.52,49.93467836,24.84977199,25.08490637,142.57042752,124.61568767,2475992.18255436,119.82534372,101.9931612,5.845938298,47.83047023,106.169708202,18.98186401463552,22.180434652514723,87.40640667049884
TKM,Turkmenistan,2025,49828621355.6516,6.30000004,6540.17876401,,4.267,28.16607129,14.47064213,13.69542916,274.64182949,190.65793,,274.65352791,190.65793,6.257445306,,266.344666466,-0.004259337241731482,0.0,69.42057237021939
TCA,Turks and Caicos Islands,2025,,,,,,,,,0.0,0.0,,0.0,0.0,15.7711187175,,0.0,,,
TUV,Tuvalu,2025,57345434.7234984,1.63934426,6041.44908591,,,,,,,,,,,-0.47991066,,,,,
UGA,Uganda,2025,61985829288.1496,6.33181158,1206.30450825,3.58082784,2.746,50.19901761,21.43959809,28.75941952,0.0,0.0,,0.0,0.0,5.169793512,4.331103426,0.0,,,
UKR,Ukraine,2025,214233312784.397,1.82152377,5865.88476563,12.7303341,,77.18027399,25.33353323,51.84674076,57.91861369,31.23073699,,58.84128516,31.54513934,-2.941717632,12.325623374,59.035290362,-1.568068181194702,-0.9966744689611505,53.921761935044685
ARE,United Arab Emirates,2025,,,,1.25086525,2.174,,,,4339.25110395,3771.21917808,,4242.75324173,3674.86885246,5.090068505,2.00242002,4130.632916146,2.274416086019007,2.6218711330474274,86.90944791480439
GBR,United Kingdom,2025,4002587541846.01,1.38844208,57601.9621202,3.88306882,4.746,62.45732946,30.59695822,31.86037125,768.51471574,615.77871233,3034116.96402952,738.80086701,593.88691257,3.286637008,4.877805754,825.270647554,4.021902254968227,3.6861899625410026,80.12581928728183
USA,United States,2025,30769700000000.0,2.16138196,90026.51630057,,4.198,,,,23612.12734247,13586.08690411,39304922.5843115,22844.37075956,13234.58562022,3.313033732,4.941630565,21574.312458762,3.360813002865077,2.6559296526290255,57.538597463318595
URY,Uruguay,2025,85347696277.6859,1.78471117,25215.82381528,4.6503272,7.516,49.71714972,27.07143709,22.64571263,1.41155132,0.0,,1.43700352,0.0,3.264544546,6.444173664,1.446441288,-1.7711995583699058,,0.0
UZB,Uzbekistan,2025,147038081129.405,7.69962478,3968.27200791,8.79638847,4.622,57.4005392,22.03599768,35.36454152,49.68560977,29.58386027,,46.12149685,31.10422678,6.996450252,10.135423458,46.41572713,7.727660989823231,-4.887973974577612,59.542109691210094
VUT,Vanuatu,2025,1353658840.63993,3.05357824,4038.73520713,0.65645514,5.073,,,,0.0,0.0,,0.0,0.0,3.41551781,4.401007148,0.0,,,
VEN,"Venezuela, RB",2025,99661244155.6306,1.57068063,3494.81388702,,5.307,25.01153138,14.90316735,10.10836402,1011.86163028,972.61643836,,902.65098749,863.46994536,3.963613036,,816.15835785,12.098878116079154,12.640450728657889,96.12148630350376
VNM,Viet Nam,2025,514697215165.065,8.01882999,5065.99091899,3.30999314,1.523,190.33680882,98.24440786,92.09240095,199.0740266,164.66995616,,197.16718687,162.81011475,6.225654098,3.035040352,200.139087234,0.9671181905421482,1.1423377551547362,82.71795119253392
VIR,Virgin Islands (U.S.),2025,,,,,11.443,,,,0.0,0.0,,0.0,0.0,1.17818751,,0.0,,,
PSE,West Bank and Gaza,2025,17167100000.0,4.34444072,3171.10844622,9.80840118,,74.76044294,21.22781367,53.53262927,0.0,0.0,,0.0,0.0,-1.678064386,14.865470748,0.0,,,
WLD,World,2025,118350166039396.0,2.92127319,14405.84845955,3.04141322,4.79133307,68.49207908,29.48075088,28.49919411,,,,,,3.721154274,4.682485666,,,,
YEM,"Yemen, Rep.",2025,,,,,17.322,,,,15.20231026,15.0,,15.22285742,15.0,,,30.3150286,-0.13497571075588516,0.0,98.66921371462655
ZMB,Zambia,2025,28879806220.1264,3.75772837,1317.8777162,13.90990958,5.918,,,,0.10115509,0.0,,0.1211992,0.0,4.878373026,14.558807816,0.129122396,-16.53815371718625,,0.0
ZWE,Zimbabwe,2025,51215643905.5886,8.10671343,3021.43019874,,9.293,,,,0.8,0.0,,0.8,0.0,5.948271364,101.62563786,0.8,0.0,,0.0
